id;display_name;tube_types;manufacturer_scope;anode_voltage;nominal_anode_current_ma;max_anode_power_w;screen_voltage;nominal_screen_current_ma;max_screen_power_w;reason;source_sha256
MFR26_6F6G_BRIMAR_102d986784;[BLOKADA v2.44] 6F6G — Brimar — READY;6F6G;Brimar;285.0;38.0;11.0;285.0;7.0;3.75;BLOKADA po ponownym audycie: anode_point_has_less_than_5_percent_power_reserve.;0c9bf907b7f7f3e02c6668e3dab0f28a1626419f245ec30c67de365a9daa26a9
MFR21_EL34_BRIMAR_8890f00c4c;[BLOKADA v2.44] EL34 — Brimar — READY;EL34;Brimar;250.0;100.0;25.0;250.0;15.0;8.0;BLOKADA po ponownym audycie: anode_point_has_less_than_5_percent_power_reserve.;fdbf4fc450639f8a82a3c1190857e1820fe7819f10d8ce0e595674bad0b6d0a4
MFR25_EL84_BRIMAR_fdc4bec930;[BLOKADA v2.44] EL84 — Brimar — READY;EL84;Brimar;250.0;48.0;12.0;250.0;5.5;2.0;BLOKADA po ponownym audycie: anode_point_has_less_than_5_percent_power_reserve.;5cebd1684b38e5450da787910183d6f4fee95d781bb25df884a5f2cc7917475e
MFR25_ECC81_EI_cc33bda5a3;[BLOKADA v2.44] ECC81 — Ei — READY;ECC81;Ei;250.0;10.0;2.5;0.0;0.0;0.0;BLOKADA po ponownym audycie: anode_point_has_less_than_5_percent_power_reserve.;a9a0186d2f12fd3dce2d7f570e91ff982ab2907e60744686f90cd57f14fcb343
MFR25_ECC82_EI_ede2fef98b;[BLOKADA v2.44] ECC82 — Ei — READY;ECC82;Ei;250.0;10.5;2.75;0.0;0.0;0.0;BLOKADA po ponownym audycie: anode_point_has_less_than_5_percent_power_reserve.;f545a04d4bf847a5167dd5d549f163a420007af6f62299c6de55ff108bde9afc
MFR21_EL34_EI_5b86053422;[BLOKADA v2.44] EL34 — Ei — READY;EL34;Ei;250.0;100.0;25.0;250.0;14.9;8.0;BLOKADA po ponownym audycie: anode_point_has_less_than_5_percent_power_reserve.;c51d44dd6f48ea279d61fb1155bbf6493a189d6adb4c4dda90d029c305cfe723
MFR25_EL84_EI_5b19f36d3f;[BLOKADA v2.44] EL84 — Ei — READY;EL84;Ei;250.0;48.0;12.0;250.0;5.5;2.0;BLOKADA po ponownym audycie: anode_point_has_less_than_5_percent_power_reserve.;bd90fcabe1f92fcd0329a3427df76a0c3f03a893260b87306c1692135d6e3bd3
MFR_12AU7_GENERAL_ELECTRIC_6d557f313e;[BLOKADA v2.44] 12AU7 — General Electric — READY;12AU7 / 12AU7A;General Electric;250.0;10.5;2.75;0.0;0.0;0.0;BLOKADA po ponownym audycie: anode_point_has_less_than_5_percent_power_reserve.;975e2c6467843db78859e2f86c42ea46a3f893e19788405055b87651d24b2c14
MFR21_12AU7A_GENERAL_ELECTRIC_5ae46dd9bc;[BLOKADA v2.44] 12AU7A — General Electric — READY;12AU7A;General Electric;250.0;10.5;2.75;0.0;0.0;0.0;BLOKADA po ponownym audycie: anode_point_has_less_than_5_percent_power_reserve.;975e2c6467843db78859e2f86c42ea46a3f893e19788405055b87651d24b2c14
5899_GE_100_100;[BLOKADA v2.44] 5899 — General Electric — READY;5899;General Electric;100.0;7.2;0.75;100.0;2.0;0.35;BLOKADA po ponownym audycie: anode_point_has_less_than_5_percent_power_reserve.;a4f99c12e7e868e073d63a4862ec2aea1a2f21d4b1f61eae02ff80919242aec1
MFR27_6201_GL6201_GENERAL_ELECTRIC_18a348fb97;[BLOKADA v2.44] 6201 — General Electric — READY;6201 (= GL6201);General Electric;250.0;10.0;2.5;0.0;0.0;0.0;BLOKADA po ponownym audycie: anode_point_has_less_than_5_percent_power_reserve.;05819762d360b8d50a12f2bb439e399d3b7f7cc3a2c987e086c5a91e77fd984e
6AC7_GE_300_150;[BLOKADA v2.44] 6AC7 — General Electric — READY;6AC7;General Electric;300.0;10.0;3.0;150.0;2.5;0.38;"BLOKADA po ponownym audycie: anode_point_has_less_than_5_percent_power_reserve; screen_point_has_less_than_5_percent_power_reserve.";e4e07588b5e9e0df35cad3d20a027126a74c35a71d728a3a331d29329571e23c
6BL7GTA_GE_250V;[BLOKADA v2.44] 6BL7GTA — General Electric — READY;6BL7GTA / 6BL7-GTA;General Electric;250.0;40.0;10.0;0.0;0.0;0.0;BLOKADA po ponownym audycie: anode_point_has_less_than_5_percent_power_reserve.;c77713362e3f5fb835d3064a797f827efd8610d9f2f1a620fed32a863c86f53e
MFR25_6BQ5_GENERAL_ELECTRIC_40e348abd6;[BLOKADA v2.44] 6BQ5 — General Electric — READY;6BQ5;General Electric;250.0;48.0;12.0;250.0;5.5;2.0;BLOKADA po ponownym audycie: anode_point_has_less_than_5_percent_power_reserve.;1a5d2b89344e58ec5482879c45fcad1c98aa69afe7b36eec57e329190112e473
6CW5_GE_170_170;[BLOKADA v2.44] 6CW5 — General Electric — READY;6CW5;General Electric;170.0;70.0;12.0;170.0;5.0;1.75;BLOKADA po ponownym audycie: anode_point_has_less_than_5_percent_power_reserve.;1da04a31b67a33d518044774ec283faa7b8548df5a7a7ee1ee57be02db696975
FULL_GL6201_GENERAL_ELECTRIC_f76fc742507e;[BLOKADA v2.44] GL6201 — General Electric — READY;GL6201;General Electric;250.0;10.0;2.5;0.0;0.0;0.0;BLOKADA po ponownym audycie: anode_point_has_less_than_5_percent_power_reserve.;05819762d360b8d50a12f2bb439e399d3b7f7cc3a2c987e086c5a91e77fd984e
MFR25_ECC81_JJ_985ff9c3b1;[BLOKADA v2.44] ECC81 — JJ — READY;ECC81;JJ;250.0;10.0;2.5;0.0;0.0;0.0;BLOKADA po ponownym audycie: anode_point_has_less_than_5_percent_power_reserve.;8430ee35a88dcb480b17847b6f968f31b0409055ad3750303d07f9d3ba5f332c
MFR25_ECC82_JJ_8c1512b389;[BLOKADA v2.44] ECC82 — JJ — READY;ECC82;JJ;250.0;10.5;2.75;0.0;0.0;0.0;BLOKADA po ponownym audycie: anode_point_has_less_than_5_percent_power_reserve.;e57b9ddc7a34d5b244fa4b0956aed927b4abc7b8b6b8f8459f8833168fd28a57
MFR25_EL84_JJ_9bfbf810b3;[BLOKADA v2.44] EL84 — JJ — READY;EL84;JJ;250.0;48.0;12.0;250.0;5.5;2.0;BLOKADA po ponownym audycie: anode_point_has_less_than_5_percent_power_reserve.;46aed7386bea3271f22cf0c5f05d0d7cb44bfe2a9c4a29a0acb86ef932e4c7db
ECL82_LRT_PENTODE_170_170;[BLOKADA v2.44] ECL82 — La Radiotechnique — READY;ECL82 / 6BM8;La Radiotechnique;170.0;41.0;7.0;170.0;8.0;1.8;BLOKADA po ponownym audycie: anode_point_has_less_than_5_percent_power_reserve.;bb3fe8e726ce1cb10191ae833fbec90728d369b6995299fd1130877a56937b8a
MFR20_EF80_LA_RADIOTECHNIQUE_176c462e28;[BLOKADA v2.44] EF80 — La Radiotechnique — READY;EF80;La Radiotechnique;250.0;10.0;2.5;250.0;2.8;0.7;"BLOKADA po ponownym audycie: anode_point_has_less_than_5_percent_power_reserve; screen_point_has_less_than_5_percent_power_reserve.";03104852c04006829ef6f786b1891b8c89aa51badc5aae720e76586a2f5bf7f6
MFR21_EL34_LA_RADIOTECHNIQUE_e5666ee45f;[BLOKADA v2.44] EL34 — La Radiotechnique — READY;EL34;La Radiotechnique;250.0;100.0;25.0;250.0;14.9;8.0;BLOKADA po ponownym audycie: anode_point_has_less_than_5_percent_power_reserve.;2f88efafb1211297f00809679dc183ee00d18897b18287649d41c1af7f01fd69
MFR25_EL84_LA_RADIOTECHNIQUE_f5ca94acd3;[BLOKADA v2.44] EL84 — La Radiotechnique — READY;EL84;La Radiotechnique;250.0;48.0;12.0;250.0;5.5;2.0;BLOKADA po ponownym audycie: anode_point_has_less_than_5_percent_power_reserve.;ffaf1a2bc3d9948ca2b398a4c06a3f32ae4db620b536a28afd17d01e79f424d0
MFR20_EL91_LA_RADIOTECHNIQUE_45e736d7f8;[BLOKADA v2.44] EL91 — La Radiotechnique — READY;EL91;La Radiotechnique;250.0;16.0;4.0;250.0;2.4;0.6;"BLOKADA po ponownym audycie: anode_point_has_less_than_5_percent_power_reserve; screen_point_has_less_than_5_percent_power_reserve.";0588df473327f078777b4208f447a41ac4fd578683408032aa8f7b3742e40a80
MFR21_KT77_M_O_VALVE_24f4b1b78d;[BLOKADA v2.44] KT77 — M-O Valve — READY;KT77;M-O Valve;250.0;100.0;25.0;250.0;10.0;6.0;BLOKADA po ponownym audycie: anode_point_has_less_than_5_percent_power_reserve.;c1bb3377af2e159587ad80fb92d24c78a2e890ea6eb854cc2d261b008a6ccf02
MFR25_12AT7_MAZDA_BELVU_700eb457bf;[BLOKADA v2.44] 12AT7 — Mazda-Belvu — READY;12AT7;Mazda-Belvu;250.0;10.0;2.5;0.0;0.0;0.0;BLOKADA po ponownym audycie: anode_point_has_less_than_5_percent_power_reserve.;7030424a4669737c9ff15830cb911dda26ec9270af2ce74769a163c8e30d8eba
MFR20_12AT7WA_MAZDA_BELVU_4f0a8f2585;[BLOKADA v2.44] 12AT7WA — Mazda-Belvu — READY;12AT7WA;Mazda-Belvu;250.0;10.0;2.5;0.0;0.0;0.0;BLOKADA po ponownym audycie: anode_point_has_less_than_5_percent_power_reserve.;dd0b2d43f6c5375ec8808090caf0262c4437388e3daf8b3c47625d6f08b663d6
MFR25_12AU7A_MAZDA_BELVU_c62e109e16;[BLOKADA v2.44] 12AU7A — Mazda-Belvu — READY;12AU7A;Mazda-Belvu;250.0;10.5;2.75;0.0;0.0;0.0;BLOKADA po ponownym audycie: anode_point_has_less_than_5_percent_power_reserve.;ffb78a3bcd0e629d36590789641d2dfc364bb54a33a040d24a30548a9f2997eb
MFR_6BQ5_EL84_MAZDA_BELVU_644c5d41c0;[BLOKADA v2.44] 6BQ5 — Mazda-Belvu — READY;6BQ5 (= EL84) / EL84;Mazda-Belvu;250.0;48.0;12.0;250.0;5.5;2.0;BLOKADA po ponownym audycie: anode_point_has_less_than_5_percent_power_reserve.;5dcf9dc5933953fd580eaf12a3ca3f1095ec483da01005a630fa6ac09028fe38
ECL805_MAZDA_BELVU_TRIODE_100V_BLOCKED;[BLOKADA v2.44] ECL805 — Mazda-Belvu — READY;ECL805;Mazda-Belvu;100.0;5.0;0.5;0.0;0.0;0.0;BLOKADA po ponownym audycie: anode_point_has_less_than_5_percent_power_reserve.;1545f710219e52cd7ac23c99986d73774b1d994647a6d4b6e913d057d49d41fc
ECL82_MAZDA_PENTODE_170_170;[BLOKADA v2.44] ECL82 — Mazda-Belvu — READY;ECL82 / 6BM8;Mazda-Belvu;170.0;41.0;7.0;170.0;9.0;2.0;BLOKADA po ponownym audycie: anode_point_has_less_than_5_percent_power_reserve.;331155c49ee761eceed6f4240cd4588b213ec58b26c7fba2b0690a87ff244efe
ECL85_MAZDA_BELVU_PENTODE_170_170;[BLOKADA v2.44] ECL85 — Mazda-Belvu — READY;ECL85;Mazda-Belvu;170.0;41.0;7.0;170.0;2.7;1.5;BLOKADA po ponownym audycie: anode_point_has_less_than_5_percent_power_reserve.;5d6e52196594b6030e602147e6f59f117f14f0791ebff2a74ac7bf617b3bc354
ECL85_MAZDA_BELVU_TRIODE_100V_BLOCKED;[BLOKADA v2.44] ECL85 — Mazda-Belvu — READY;ECL85;Mazda-Belvu;100.0;5.0;0.5;0.0;0.0;0.0;BLOKADA po ponownym audycie: anode_point_has_less_than_5_percent_power_reserve.;5d6e52196594b6030e602147e6f59f117f14f0791ebff2a74ac7bf617b3bc354
MFR20_EF80_MAZDA_BELVU_08109154aa;[BLOKADA v2.44] EF80 — Mazda-Belvu — READY;EF80;Mazda-Belvu;250.0;10.0;2.5;250.0;2.8;0.7;"BLOKADA po ponownym audycie: anode_point_has_less_than_5_percent_power_reserve; screen_point_has_less_than_5_percent_power_reserve.";2ca27e99f4e4a99dd459775954bc8367e92660d2a17eae9319efcd863cd0c972
MFR20_EF89_MAZDA_BELVU_aafd2a0449;[BLOKADA v2.44] EF89 — Mazda-Belvu — READY;EF89;Mazda-Belvu;250.0;9.0;2.25;85.0;3.2;0.45;BLOKADA po ponownym audycie: anode_point_has_less_than_5_percent_power_reserve.;88e94b2eaf7a701dea3727f4d594a86addd23d667224d338ab1b2f50459d2a7b
MFR21_EL84_MAZDA_BELVU_8b613c6f8c;[BLOKADA v2.44] EL84 — Mazda-Belvu — READY;EL84;Mazda-Belvu;250.0;48.0;12.0;250.0;5.5;2.0;BLOKADA po ponownym audycie: anode_point_has_less_than_5_percent_power_reserve.;5dcf9dc5933953fd580eaf12a3ca3f1095ec483da01005a630fa6ac09028fe38
MFR21_EL34_MULLARD_7a70330e3d;[BLOKADA v2.44] EL34 — Mullard — READY;EL34;Mullard;250.0;100.0;25.0;250.0;15.0;8.0;BLOKADA po ponownym audycie: anode_point_has_less_than_5_percent_power_reserve.;2e7de7adde4147ce298eea3a2d35103bf433f34fa5a134ab205f495ae6964453
EL37_MULLARD_250_250_BLOCKED;[BLOKADA v2.44] EL37 — Mullard — READY;EL37;Mullard;250.0;100.0;25.0;250.0;13.5;6.0;BLOKADA po ponownym audycie: anode_point_has_less_than_5_percent_power_reserve.;4fcc956db4e223ec79e3c8bd8c6ae2d8be59ef4acfe39dd614ef29d2ea21c9b6
MFR25_EL84_MULLARD_8988d19c03;[BLOKADA v2.44] EL84 — Mullard — READY;EL84;Mullard;250.0;48.0;12.0;250.0;5.5;2.0;BLOKADA po ponownym audycie: anode_point_has_less_than_5_percent_power_reserve.;0b2aa07751925e9ff1ef4c55a774d58b5ea7066e3a8d14c95b4327aec5d935f6
EL86_MULLARD_170_170;[BLOKADA v2.44] EL86 — Mullard — READY;EL86;Mullard;170.0;70.0;12.0;170.0;3.5;1.75;BLOKADA po ponownym audycie: anode_point_has_less_than_5_percent_power_reserve.;82c11c9fc0192a9e6467eec78e9f58700ecfc4f8c3e8e569c2a1ed8407380745
MFR25_6201_PHILIPS_3919cc89bb;[BLOKADA v2.44] 6201 — Philips — READY;6201;Philips;250.0;10.0;2.5;0.0;0.0;0.0;BLOKADA po ponownym audycie: anode_point_has_less_than_5_percent_power_reserve.;38860335cd17dc7e22b4e9e60c6952caebd106481a3dc26ae4e866e347157cb3
6BY7_PHILIPS_250_100;[BLOKADA v2.44] 6BY7 — Philips — READY;6BY7;Philips;250.0;10.0;2.5;100.0;2.5;0.65;BLOKADA po ponownym audycie: anode_point_has_less_than_5_percent_power_reserve.;8e012464cdd7b74ec0cec284af4dfbe20f637a6e624d0dd0b329f42577bf9a36
MFR27_7119_E182CC_PHILIPS_4d38a8bc38;[BLOKADA v2.44] 7119 (= E182CC) — Philips — READY;7119 (= E182CC);Philips;120.0;36.0;4.5;0.0;0.0;0.0;BLOKADA po ponownym audycie: anode_point_has_less_than_5_percent_power_reserve.;85b41177103cf25dacc601ea695edebf72bda4d3a65e3801739b10596e0f2889
E182CC_PHILIPS_120V;[BLOKADA v2.44] E182CC — Philips — READY;E182CC;Philips;120.0;36.0;4.5;0.0;0.0;0.0;BLOKADA po ponownym audycie: anode_point_has_less_than_5_percent_power_reserve.;6db517ca8cf497a0a6c0c93bffaecf90bed723e8a211f6dcd54741b517d39db0
ECC186_PHILIPS_250V;[BLOKADA v2.44] ECC186 — Philips — READY;ECC186;Philips;250.0;10.5;2.75;0.0;0.0;0.0;BLOKADA po ponownym audycie: anode_point_has_less_than_5_percent_power_reserve.;9b329fcdbdb1de83475f7ecabe00eba3630cbe47a52fbd90fa316f735f0553f5
MFR25_ECC81_PHILIPS_7ab877b9c1;[BLOKADA v2.44] ECC81 — Philips — READY;ECC81;Philips;250.0;10.0;2.5;0.0;0.0;0.0;BLOKADA po ponownym audycie: anode_point_has_less_than_5_percent_power_reserve.;489c61ea7156a9f87b1da87b40ef88ab833d2b8f329ada4f16f4bfccd1517d1a
MFR21_ECC82_PHILIPS_7d85209e1a;[BLOKADA v2.44] ECC82 — Philips — READY;ECC82;Philips;250.0;10.5;2.75;0.0;0.0;0.0;BLOKADA po ponownym audycie: anode_point_has_less_than_5_percent_power_reserve.;70a952081fc3b87ab36ca071ec5ed51b1253d1cc9dfcd9c2dfb3c85741aa7023
ECL86_6GW8_PHILIPS_PENTODE;[BLOKADA v2.44] ECL86 — Philips — READY;ECL86 / 6GW8;Philips;250.0;36.0;9.0;250.0;6.0;1.8;BLOKADA po ponownym audycie: anode_point_has_less_than_5_percent_power_reserve.;9429c03755492fb27524e7aad155e11cec60d0499a7448c5c79f0efbe4088d0d
EF80_PHILIPS_250_250;[BLOKADA v2.44] EF80 — Philips — READY;EF80;Philips;250.0;10.0;2.5;250.0;2.8;0.7;"BLOKADA po ponownym audycie: anode_point_has_less_than_5_percent_power_reserve; screen_point_has_less_than_5_percent_power_reserve.";5ae532095e9576286e37af999b18ca0cc53ebf4b85451e8f7654a217c533b29a
EF85_PHILIPS_250_100;[BLOKADA v2.44] EF85 — Philips — READY;EF85;Philips;250.0;10.0;2.5;100.0;2.5;0.65;BLOKADA po ponownym audycie: anode_point_has_less_than_5_percent_power_reserve.;b86174270543cb39dcf17dafebe96d23f5d4f214ccbe7a8bdea2113b72676f3a
MFR25_EF89_PHILIPS_9c92840c35;[BLOKADA v2.44] EF89 — Philips — READY;EF89;Philips;250.0;9.0;2.25;85.0;3.2;0.45;BLOKADA po ponownym audycie: anode_point_has_less_than_5_percent_power_reserve.;c78e3a50d481d12b53d80fb394e11a291f41f6b3421a89a2ddfb1bd1f158763c
MFR21_EL34_PHILIPS_22c71964ee;[BLOKADA v2.44] EL34 — Philips — READY;EL34;Philips;250.0;100.0;25.0;250.0;15.0;8.0;BLOKADA po ponownym audycie: anode_point_has_less_than_5_percent_power_reserve.;0d2d73430a7584bd5576e17aa98c1c9c1958d18634b0768e2571b169f9002a21
MFR25_EL84_PHILIPS_62a6b76eb5;[BLOKADA v2.44] EL84 — Philips — READY;EL84;Philips;250.0;48.0;12.0;250.0;5.5;2.0;BLOKADA po ponownym audycie: anode_point_has_less_than_5_percent_power_reserve.;904e635333f1b39e14289479a3fd5d520e6fa539c2566955bb2f8e6346a069d9
MFR25_EL86_PHILIPS_4272dd675d;[BLOKADA v2.44] EL86 — Philips — READY;EL86;Philips;170.0;70.0;12.0;170.0;3.5;1.75;BLOKADA po ponownym audycie: anode_point_has_less_than_5_percent_power_reserve.;5ad0a1534d4f8cce24d0eff1f7b49f83d0767b9f19a71285925bbda94de8a91f
EL95_PHILIPS_250_250_BLOCKED;[BLOKADA v2.44] EL95 — Philips — READY;EL95;Philips;250.0;24.0;6.0;250.0;4.5;1.25;BLOKADA po ponownym audycie: anode_point_has_less_than_5_percent_power_reserve.;fbee2259311833cedcdd503cb456db99882da955926268c4bdf18ff37f772dc2
PCL82_PHILIPS_PENTODE_170V_BLOCKED;[BLOKADA v2.44] PCL82 — Philips — READY;PCL82;Philips;170.0;41.0;7.0;170.0;9.0;1.8;BLOKADA po ponownym audycie: anode_point_has_less_than_5_percent_power_reserve.;28dae0c891545113dcf1a664596eb10afe037923b123d232cadf9df919c85b6d
PCL85_PHILIPS_TRIODE_100V_BLOCKED;[BLOKADA v2.44] PCL85 — Philips — READY;PCL85 / PCL805;Philips;100.0;5.0;0.5;0.0;0.0;0.0;BLOKADA po ponownym audycie: anode_point_has_less_than_5_percent_power_reserve.;07b914a30968ce644e82b02e38dbaf45a7c0a057fef720bf6c5e723bbe674e6b
PCL86_PHILIPS_PENTODE_230V_BLOCKED;[BLOKADA v2.44] PCL86 — Philips — READY;PCL86;Philips;230.0;39.0;9.0;230.0;6.5;1.8;BLOKADA po ponownym audycie: anode_point_has_less_than_5_percent_power_reserve.;6a3b86ec0dcca62f797d92793a657f8b6301e8749bf68033f1e50f8639f04516
MFR26_6201_RCA_8977f79c82;[BLOKADA v2.44] 6201 — RCA — READY;6201;RCA;250.0;10.0;2.5;0.0;0.0;0.0;BLOKADA po ponownym audycie: anode_point_has_less_than_5_percent_power_reserve.;64cda1e733c86a73298fc2b7be5ab1ebf5e50052f59e8efe8a42d76b8ccfa66b
MFR25_12AU7A_RCA_HB3_1332b2f64c;[BLOKADA v2.44] 12AU7A — RCA (HB3) — READY;12AU7A;RCA (HB3);250.0;10.5;2.75;0.0;0.0;0.0;BLOKADA po ponownym audycie: anode_point_has_less_than_5_percent_power_reserve.;aee0c6b6a14449abc9595e584814271cee87ee9f6dbfd0c179edd812d8606ad0
2A3_RCA_250V_BLOCKED;[BLOKADA v2.44] 2A3 — RCA (HB3) — READY;2A3;RCA (HB3);250.0;60.0;15.0;0.0;0.0;0.0;BLOKADA po ponownym audycie: anode_point_has_less_than_5_percent_power_reserve.;2fb4d8eda196750c2a0fc86b67d1ef74d706e1d6fd11eb367b2af541c641ac4e
MFR26_6201_RCA_HB3_ea608889ea;[BLOKADA v2.44] 6201 — RCA (HB3) — READY;6201;RCA (HB3);250.0;10.0;2.5;0.0;0.0;0.0;BLOKADA po ponownym audycie: anode_point_has_less_than_5_percent_power_reserve.;e447892c939a06d125e2397ada5711fd4b9d27a0a4212f6fca818e0975acf4d1
6550_RCA_250_250_BLOCKED;[BLOKADA v2.44] 6550 — RCA (HB3) — READY;6550;RCA (HB3);250.0;140.0;35.0;250.0;12.0;6.0;BLOKADA po ponownym audycie: anode_point_has_less_than_5_percent_power_reserve.;ab71b6a6bc3be68215f1e417192c86c62752519f1eae3bbc3c370eae839e077e
MFR20_6BL7GTA_RCA_HB3_65b18e1fa5;[BLOKADA v2.44] 6BL7GTA — RCA (HB3) — READY;6BL7GTA;RCA (HB3);250.0;40.0;10.0;0.0;0.0;0.0;BLOKADA po ponownym audycie: anode_point_has_less_than_5_percent_power_reserve.;a0e9f7c654b7289122a91f137454e019dcf0f195bed6dad8d83c28bafbbacc92
MFR25_6BQ5_RCA_HB3_aa7287c8da;[BLOKADA v2.44] 6BQ5 — RCA (HB3) — READY;6BQ5;RCA (HB3);250.0;48.0;12.0;250.0;5.5;2.0;BLOKADA po ponownym audycie: anode_point_has_less_than_5_percent_power_reserve.;d4cb3a0c1f2de280f38067816d71f0f83a9afe65008f89254b4994594cc1eab9
MFR20_6EH7_RCA_HB3_89e0b1026a;[BLOKADA v2.44] 6EH7 — RCA (HB3) — READY;6EH7;RCA (HB3);200.0;12.0;2.5;90.0;4.5;0.65;BLOKADA po ponownym audycie: anode_point_has_less_than_5_percent_power_reserve.;8e33f57bd34372c9a73562183ccdf992414b6bffd1081871249ef759808aeff6
MFR26_6F6_RCA_HB3_635bb3816f;[BLOKADA v2.44] 6F6 — RCA (HB3) — READY;6F6;RCA (HB3);285.0;38.0;11.0;285.0;7.0;3.3;BLOKADA po ponownym audycie: anode_point_has_less_than_5_percent_power_reserve.;6462240dbec5d3659a4186360cf6b440935f7b56e827253ad70eeaaf900443b1
MFR21_6GW8_RCA_HB3_061c1d1ce7;[BLOKADA v2.44] 6GW8 — RCA (HB3) — READY;6GW8;RCA (HB3);250.0;36.0;9.0;250.0;6.0;1.8;BLOKADA po ponownym audycie: anode_point_has_less_than_5_percent_power_reserve.;2c4e9c79b941bf35ff4b61d67a2471f018657be4c09ef768925ebcc7f8125de0
MFR21_7189_RCA_HB3_e2bc95a402;[BLOKADA v2.44] 7189 — RCA (HB3) — READY;7189;RCA (HB3);250.0;48.0;12.0;250.0;5.5;2.0;BLOKADA po ponownym audycie: anode_point_has_less_than_5_percent_power_reserve.;37bb93a55c4d0d5c44949711a497f3312416285284be574e0895199704e3ca99
ECL86_RCA_PENTODE_250_250;[BLOKADA v2.44] ECL86 — RCA (HB3) — READY;ECL86 / 6GW8;RCA (HB3);250.0;36.0;9.0;250.0;6.0;1.8;BLOKADA po ponownym audycie: anode_point_has_less_than_5_percent_power_reserve.;2c4e9c79b941bf35ff4b61d67a2471f018657be4c09ef768925ebcc7f8125de0
MFR27_12AT7_RCA_RC30_64a5965242;[BLOKADA v2.44] 12AT7 — RCA (RC30) — READY;12AT7;RCA (RC30);250.0;10.0;2.5;0.0;0.0;0.0;BLOKADA po ponownym audycie: anode_point_has_less_than_5_percent_power_reserve.;ecdce7f27b2db0ce21b1178169cb9f11920afdde6890ac355129957bef5ddd2c
MFR26_6201_RCA_RC30_beab68bab8;[BLOKADA v2.44] 6201 — RCA (RC30) — READY;6201;RCA (RC30);250.0;10.0;2.5;0.0;0.0;0.0;BLOKADA po ponownym audycie: anode_point_has_less_than_5_percent_power_reserve.;ecdce7f27b2db0ce21b1178169cb9f11920afdde6890ac355129957bef5ddd2c
MFR21_6BL7GTA_RCA_RC30_043ea2b025;[BLOKADA v2.44] 6BL7GTA — RCA (RC30) — READY;6BL7GTA;RCA (RC30);250.0;40.0;10.0;0.0;0.0;0.0;BLOKADA po ponownym audycie: anode_point_has_less_than_5_percent_power_reserve.;7016dbe4286f0353f4919dab891c360a4d867f568b1761728e015ae7b9bf1610
MFR27_ECC85_RCA_RC30_0ebaf91678;[BLOKADA v2.44] ECC85 — RCA (RC30) — READY;ECC85;RCA (RC30);250.0;10.0;2.5;0.0;0.0;0.0;BLOKADA po ponownym audycie: anode_point_has_less_than_5_percent_power_reserve.;a60b46255ae3479dc15aa9ea59dacbccae8e4432cb3ed802fc363b70c8561177
ECL85_RCA_6GV8_TRIODE_100V_BLOCKED;[BLOKADA v2.44] ECL85 — RCA (RC30) — READY;ECL85;RCA (RC30);100.0;5.0;0.5;0.0;0.0;0.0;BLOKADA po ponownym audycie: anode_point_has_less_than_5_percent_power_reserve.;57da70ba9f81f646a1f186fad87429f937a170a05648ba56b3d7bf9d79ea19eb
MFR21_ECL85_RCA_RC30_73945a869b;[BLOKADA v2.44] ECL85 — RCA (RC30) — READY;ECL85;RCA (RC30);170.0;41.0;7.0;170.0;2.7;2.0;BLOKADA po ponownym audycie: anode_point_has_less_than_5_percent_power_reserve.;57da70ba9f81f646a1f186fad87429f937a170a05648ba56b3d7bf9d79ea19eb
MFR25_ECC81_RFT_15952e54e6;[BLOKADA v2.44] ECC81 — RFT — READY;ECC81;RFT;250.0;10.0;2.5;0.0;0.0;0.0;BLOKADA po ponownym audycie: anode_point_has_less_than_5_percent_power_reserve.;d1ee9df086db9114524a296d3b20402013875725537bf7547512c5398d8e3189
MFR25_ECC82_RFT_f39fc0b4fb;[BLOKADA v2.44] ECC82 — RFT — READY;ECC82;RFT;250.0;10.5;2.75;0.0;0.0;0.0;BLOKADA po ponownym audycie: anode_point_has_less_than_5_percent_power_reserve.;7d73d3ab4f5d813c28d84cecc59e8547a7ebd776f0ac20d2dba5b614fd5f0383
MFR20_12AT7WA_RAYTHEON_537e16ebd2;[BLOKADA v2.44] 12AT7WA — Raytheon — READY;12AT7WA;Raytheon;250.0;10.0;2.5;0.0;0.0;0.0;BLOKADA po ponownym audycie: anode_point_has_less_than_5_percent_power_reserve.;bf2af2e46d00c22dbd4d61c169231b363911bf323553ec407bf165ce6cf2c7d4
MFR21_6AQ8_ROGERS_907fd880e4;[BLOKADA v2.44] 6AQ8 — Rogers — READY;6AQ8;Rogers;250.0;10.0;2.5;0.0;0.0;0.0;BLOKADA po ponownym audycie: anode_point_has_less_than_5_percent_power_reserve.;bfebd42bfc05a37aef1b573c3d314cae4a1cc602d4dfe9f4af917547d23ed522
FULL_7119_ROGERS_0248a22db890;[BLOKADA v2.44] 7119 — Rogers — READY;7119;Rogers;120.0;36.0;4.5;0.0;0.0;0.0;BLOKADA po ponownym audycie: anode_point_has_less_than_5_percent_power_reserve.;426a1ae73fdb768c3f2dea3e9046f0e19441af267d25b235e62f73e3e7a73602
MFR27_6201_E81CC_SIEMENS_b2a0712458;[BLOKADA v2.44] 6201 — Siemens — READY;6201 (= E81CC);Siemens;250.0;10.0;2.5;0.0;0.0;0.0;BLOKADA po ponownym audycie: anode_point_has_less_than_5_percent_power_reserve.;f699cfffbb3b59a94908340ab5f88b3720a81e74eb505eb5c8611cc5aa61af44
MFR21_E81CC_SIEMENS_167cea3c9b;[BLOKADA v2.44] E81CC — Siemens — READY;E81CC;Siemens;250.0;10.0;2.5;0.0;0.0;0.0;BLOKADA po ponownym audycie: anode_point_has_less_than_5_percent_power_reserve.;f699cfffbb3b59a94908340ab5f88b3720a81e74eb505eb5c8611cc5aa61af44
EL34_SVETLANA_250_250_BLOCKED;[BLOKADA v2.44] EL34 — Svetlana — READY;EL34 / 6CA7;Svetlana;250.0;100.0;25.0;250.0;15.0;8.0;BLOKADA po ponownym audycie: anode_point_has_less_than_5_percent_power_reserve.;f476efe6b0018feae92200c916e7a4cf58fa7a55651a6705729d7e777416db8a
SV6550C_SVETLANA_400_225_BLOCKED;[BLOKADA v2.44] SV6550C — Svetlana — READY;SV6550C;Svetlana;400.0;87.0;35.0;225.0;4.0;6.0;BLOKADA po ponownym audycie: anode_point_has_less_than_5_percent_power_reserve.;b9b085d53fa80ebd48ae9ed4249de0f302252ab0369ce85a75e8aa1cb9888f76
6AN8_SYLVANIA_TRIODE_200V_BLOCKED;[BLOKADA v2.44] 6AN8 — Sylvania — READY;6AN8 / 6AN8A / 6AN8-A;Sylvania;200.0;13.0;2.6;0.0;0.0;0.0;BLOKADA po ponownym audycie: anode_point_has_less_than_5_percent_power_reserve.;d30a6b00d316ce970f1afe5689fc137a7ccb849fa47bc5b507d33f5d03cda2a3
MFR26_6CZ5_SYLVANIA_d358f32bb3;[BLOKADA v2.44] 6CZ5 — Sylvania — READY;6CZ5;Sylvania;250.0;46.0;12.0;250.0;4.6;2.0;BLOKADA po ponownym audycie: anode_point_has_less_than_5_percent_power_reserve.;572377a15d0a543612cbe56a5e17eefc7d7865f7d688aa5510dc86e085f68c9e
MFR25_6F6_SYLVANIA_3c2fd09626;[BLOKADA v2.44] 6F6 — Sylvania — READY;6F6;Sylvania;285.0;38.0;11.0;285.0;7.0;3.75;BLOKADA po ponownym audycie: anode_point_has_less_than_5_percent_power_reserve.;a66eb7d348a35327304c6e086b8161199bbc3b5f8cea12a452e7586333059498
MFR25_12AT7_TUNG_SOL_1c72cbdfe1;[BLOKADA v2.44] 12AT7 — Tung-Sol — READY;12AT7;Tung-Sol;250.0;10.0;2.5;0.0;0.0;0.0;BLOKADA po ponownym audycie: anode_point_has_less_than_5_percent_power_reserve.;5bfbe1c093fa1070d3fa10ac4de20ae321b6099b2f6a06d7a3feddc5e08663a2
MFR20_5636_TUNG_SOL_e06d3a0385;[BLOKADA v2.44] 5636 — Tung-Sol — READY;5636;Tung-Sol;100.0;5.3;0.55;100.0;3.6;0.45;BLOKADA po ponownym audycie: anode_point_has_less_than_5_percent_power_reserve.;f717ca537a8d06a377443789e3294b7aeb5639ea409afa0b5113e0e0834bf8bf
MFR26_6201_TUNG_SOL_41727d2a3d;[BLOKADA v2.44] 6201 — Tung-Sol — READY;6201;Tung-Sol;250.0;10.0;2.5;0.0;0.0;0.0;BLOKADA po ponownym audycie: anode_point_has_less_than_5_percent_power_reserve.;9dae09ddefc8169dc40c94cbc50deb13bd67349239e1ed19a4c53ece53f64e1a
MFR20_6AC7_TUNG_SOL_c5ca1c2d97;[BLOKADA v2.44] 6AC7 — Tung-Sol — READY;6AC7;Tung-Sol;300.0;10.0;3.0;150.0;2.5;0.38;"BLOKADA po ponownym audycie: anode_point_has_less_than_5_percent_power_reserve; screen_point_has_less_than_5_percent_power_reserve.";63edf71874832ebc7758c1b5f30139ffa9596495dfa141f789fc3759d08ec0c5
MFR20_6BL7GTA_TUNG_SOL_fa786fb502;[BLOKADA v2.44] 6BL7GTA — Tung-Sol — READY;6BL7GTA;Tung-Sol;250.0;40.0;10.0;0.0;0.0;0.0;BLOKADA po ponownym audycie: anode_point_has_less_than_5_percent_power_reserve.;e47dcd6c9dadda93e207546355ff447ed091d4c09cb385e01fad50f10b6c1f42
6BL8_TUNG_SOL_PENTODE_170_170_BLOCKED;[BLOKADA v2.44] 6BL8 — Tung-Sol — READY;6BL8;Tung-Sol;170.0;10.0;1.7;170.0;2.8;0.5;"BLOKADA po ponownym audycie: anode_point_has_less_than_5_percent_power_reserve; screen_point_has_less_than_5_percent_power_reserve.";d721e009ab437ea51cfe8f95485a128b0181e9eba36084994fab03ab146edbe3
MFR25_6BQ5_TUNG_SOL_4afd02ceab;[BLOKADA v2.44] 6BQ5 — Tung-Sol — READY;6BQ5;Tung-Sol;250.0;48.0;12.0;250.0;5.5;2.0;BLOKADA po ponownym audycie: anode_point_has_less_than_5_percent_power_reserve.;fbbc72c26d356417ca3511452cc82e0ffd055be3fee96e48db4664dbd0e3dc30
MFR25_6F6_TUNG_SOL_bb59bc1cd9;[BLOKADA v2.44] 6F6 — Tung-Sol — READY;6F6;Tung-Sol;285.0;38.0;11.0;285.0;7.0;3.75;BLOKADA po ponownym audycie: anode_point_has_less_than_5_percent_power_reserve.;b6aac0bd93e45357162f162c421919090ce7e60cd09ea3b2acf24336544ca531
7189_TUNG_SOL_250_250;[BLOKADA v2.44] 7189 — Tung-Sol — READY;7189;Tung-Sol;250.0;48.0;12.0;250.0;5.5;2.0;BLOKADA po ponownym audycie: anode_point_has_less_than_5_percent_power_reserve.;246a2c464d2c74ac5f5aab7c0cf713c263763a0abba041f164bd874aa299e7b7
